Workbook
Name HotelList: Fact_Daily_Performance!$O$2:$O$11

Sheet Dim_Hotel
A1: Hotel_ID | B1: Hotel_Name | C1: Brand | D1: Chain_Scale | E1: Distance_to_Stadium_mi | F1: Room_Count | G1: Segment_Mix | H1: Stadium_Day_Sensitivity | I1: Base_ADR | J1: Uplift_Factor
A2: H001 | B2: Loews Arlington Hotel & Convention Center | C2: Loews | D2: Luxury | E2: 0.5 | F2: 888 | G2: Leisure / Groups / Premium | H2: High | I2: 260 | J2: 18
A3: H002 | B3: Courtyard by Marriott Arlington Entertainment District | C3: Marriott | D3: Upscale | E3: 0.7 | F3: 147 | G3: Business Transient / Leisure | H3: Medium | I3: 175 | J3: 14
A4: H003 | B4: Holiday Inn Arlington NE – Rangers Ballpark | C4: IGT | D4: Upper Midscale | E4: 1 | F4: 121 | G4: Leisure / Business Transient | H4: Medium | I4: 145 | J4: 12
A5: H004 | B5: Comfort Suites Arlington – Entertainment District | C5: Choice | D5: Upper Midscale | E5: 1.2 | F5: 108 | G5: Leisure / Families | H5: Medium | I5: 135 | J5: 12
A6: H005 | B6: Motel 6 Arlington – Entertainment District | C6: Motel 6 | D6: Economy | E6: 1.3 | F6: 66 | G6: Price-Sensitive Leisure | H6: High | I6: 82 | J6: 8
A7: H006 | B7: Sheraton Arlington Hotel | C7: Marriott | D7: Upscale | E7: 0.6 | F7: 311 | G7: Groups / Business Transient | H7: High | I7: 190 | J7: 15
A8: H007 | B8: Hilton Garden Inn Dallas/Arlington | C8: Hilton | D8: Upscale | E8: 1.4 | F8: 132 | G8: Business Transient / Leisure | H8: Medium | I8: 165 | J8: 13
A9: H008 | B9: Hampton Inn & Suites Dallas-Arlington North-Entertainment District | C9: Hilton | D9: Upper Midscale | E9: 1.5 | F9: 103 | G9: Leisure / Families | H9: Medium | I9: 140 | J9: 12
A10: H009 | B10: Residence Inn by Marriott Arlington | C10: Marriott | D10: Upper Upscale | E10: 1.6 | F10: 114 | G10: Extended Stay / Business Transient | H10: Low | I10: 185 | J10: 10
A11: H010 | B11: Homewood Suites by Hilton Dallas-Arlington | C11: Hilton | D11: Upper Midscale | E11: 1.7 | F11: 89 | G11: Extended Stay / Leisure | H11: Low | I11: 150 | J11: 10

Sheet Fact_Events
A1: Event_ID | B1: Event_Name | C1: Event_Type | D1: Event_Date | E1: Expected_Attendance | F1: Demand_Impact_Score
A2: E001 | B2: Monster Jam | C2: Family Event | D2: 46067 | E2: 55000 | F2: 6
A3: E002 | B3: Monster Energy AMA Supercross Championship | C3: Sports | D3: 46074 | E3: 60000 | F3: 7
A4: E003 | B4: Java House Grand Prix of Arlington (Day 1) | C4: Motorsports | D4: 46094 | E4: 45000 | F4: 5
A5: E004 | B5: Java House Grand Prix of Arlington (Day 2) | C5: Motorsports | D5: 46095 | E5: 45000 | F5: 5
A6: E005 | B6: Java House Grand Prix of Arlington (Day 3) | C6: Motorsports | D6: 46096 | E6: 45000 | F6: 5
A7: E006 | B7: Lone Star Smokeout – Day 1 (Riley Green, Koe Wetzel & Shaboozey) | C7: Festival | D7: 46136 | E7: 30000 | F7: 4
A8: E007 | B8: Lone Star Smokeout – Day 2 (Koe Wetzel & Casey Donahew) | C8: Festival | D8: 46137 | E8: 30000 | F8: 4
A9: E008 | B9: Lone Star Smokeout – Day 3 | C9: Festival | D9: 46138 | E9: 30000 | F9: 4
A10: E009 | B10: FIFA World Cup: Netherlands vs Japan | C10: FIFA World Cup | D10: 46187 | E10: 80000 | F10: 10
A11: E010 | B11: FIFA World Cup: England vs Croatia | C11: FIFA World Cup | D11: 46190 | E11: 80000 | F11: 10
A12: E011 | B12: FIFA World Cup: Argentina vs Austria | C12: FIFA World Cup | D12: 46195 | E12: 80000 | F12: 10
A13: E012 | B13: FIFA World Cup: Japan vs TBD | C13: FIFA World Cup | D13: 46198 | E13: 80000 | F13: 9
... A20: E019 | B20: BTS World Tour ‘ARIRANG’ – Night 2 | C20: Concert | D20: 46250 | E20: 70000 | F20: 9

Sheet Fact_Daily_Performance
A1: Date | B1: Hotel_ID | C1: Rooms_Available | D1: Rooms_Sold | E1: Occupancy | F1: ADR | G1: RevPAR | H1: Event_ID | I1: Event_Flag | J1: Demand_Impact_Score | K1: Compression_Level | L1: Forecast_Occ | M1: Forecast_ADR
A2: =DATE(2026,1,1) + INT((ROW()-2)/10) -> 46023 | B2: {=INDEX(HotelList,MOD(ROW()-2,10)+1)} -> H001 | C2: =_xlfn.XLOOKUP(B2,Dim_Hotel!$A$2:$A$11,Dim_Hotel!$F$2:$F$11) -> 888 | D2: =ROUND(L2 * C2, 0) -> 488 | E2: =D2/C2 -> 0.54954955 | F2: =M2 -> 260 | G2: =E2*F2 -> 142.88288 | H2: =_xlfn.XLOOKUP(A2,Fact_Events!$D$2:$D$20,Fact_Events!$A$2:$A$20, "") | I2: =IF(H2="",0,1) -> 0 | J2: =_xlfn.XLOOKUP(H2, Fact_Events!$A$2:$A$20, Fact_Events!$F$2:$F$20, "") | K2: =IF(I2=0,"Low", IF(J2>=9,"High","Medium")) -> Low | L2: =MIN(1, 0.55 + (I2 * 0.25) + (IF(J2="",0,J2) / 100) ) -> 0.55 | M2: =_xlfn.XLOOKUP(B2, Dim_Hotel!$A$2:$A$11, Dim_Hotel!$I$2:$I$11) + (IF(J2="",0,J2) * _xlfn.XLOOKUP(B2, Dim_Hotel!$A$2:$A$11, Dim_Hotel!$J$2:$J$11)) -> 260 | O2: H001
A3: =DATE(2026,1,1) + INT((ROW()-2)/10) -> 46023 | B3: {=INDEX(HotelList,MOD(ROW()-2,10)+1)} -> H002 | C3: =_xlfn.XLOOKUP(B3,Dim_Hotel!$A$2:$A$11,Dim_Hotel!$F$2:$F$11) -> 147 | D3: =ROUND(L3 * C3, 0) -> 81 | E3: =D3/C3 -> 0.55102041 | F3: =M3 -> 175 | G3: =E3*F3 -> 96.428571 | H3: =_xlfn.XLOOKUP(A3,Fact_Events!$D$2:$D$20,Fact_Events!$A$2:$A$20, "") | I3: =IF(H3="",0,1) -> 0 | J3: =_xlfn.XLOOKUP(H3, Fact_Events!$A$2:$A$20, Fact_Events!$F$2:$F$20, "") | K3: =IF(I3=0,"Low", IF(J3>=9,"High","Medium")) -> Low | L3: =MIN(1, 0.55 + (I3 * 0.25) + (IF(J3="",0,J3) / 100) ) -> 0.55 | M3: =_xlfn.XLOOKUP(B3, Dim_Hotel!$A$2:$A$11, Dim_Hotel!$I$2:$I$11) + (IF(J3="",0,J3) * _xlfn.XLOOKUP(B3, Dim_Hotel!$A$2:$A$11, Dim_Hotel!$J$2:$J$11)) -> 175 | O3: H002
A4: =DATE(2026,1,1) + INT((ROW()-2)/10) -> 46023 | B4: {=INDEX(HotelList,MOD(ROW()-2,10)+1)} -> H003 | C4: =_xlfn.XLOOKUP(B4,Dim_Hotel!$A$2:$A$11,Dim_Hotel!$F$2:$F$11) -> 121 | D4: =ROUND(L4 * C4, 0) -> 67 | E4: =D4/C4 -> 0.55371901 | F4: =M4 -> 145 | G4: =E4*F4 -> 80.289256 | H4: =_xlfn.XLOOKUP(A4,Fact_Events!$D$2:$D$20,Fact_Events!$A$2:$A$20, "") | I4: =IF(H4="",0,1) -> 0 | J4: =_xlfn.XLOOKUP(H4, Fact_Events!$A$2:$A$20, Fact_Events!$F$2:$F$20, "") | K4: =IF(I4=0,"Low", IF(J4>=9,"High","Medium")) -> Low | L4: =MIN(1, 0.55 + (I4 * 0.25) + (IF(J4="",0,J4) / 100) ) -> 0.55 | M4: =_xlfn.XLOOKUP(B4, Dim_Hotel!$A$2:$A$11, Dim_Hotel!$I$2:$I$11) + (IF(J4="",0,J4) * _xlfn.XLOOKUP(B4, Dim_Hotel!$A$2:$A$11, Dim_Hotel!$J$2:$J$11)) -> 145 | O4: H003
A5: =DATE(2026,1,1) + INT((ROW()-2)/10) -> 46023 | B5: {=INDEX(HotelList,MOD(ROW()-2,10)+1)} -> H004 | C5: =_xlfn.XLOOKUP(B5,Dim_Hotel!$A$2:$A$11,Dim_Hotel!$F$2:$F$11) -> 108 | D5: =ROUND(L5 * C5, 0) -> 59 | E5: =D5/C5 -> 0.5462963 | F5: =M5 -> 135 | G5: =E5*F5 -> 73.75 | H5: =_xlfn.XLOOKUP(A5,Fact_Events!$D$2:$D$20,Fact_Events!$A$2:$A$20, "") | I5: =IF(H5="",0,1) -> 0 | J5: =_xlfn.XLOOKUP(H5, Fact_Events!$A$2:$A$20, Fact_Events!$F$2:$F$20, "") | K5: =IF(I5=0,"Low", IF(J5>=9,"High","Medium")) -> Low | L5: =MIN(1, 0.55 + (I5 * 0.25) + (IF(J5="",0,J5) / 100) ) -> 0.55 | M5: =_xlfn.XLOOKUP(B5, Dim_Hotel!$A$2:$A$11, Dim_Hotel!$I$2:$I$11) + (IF(J5="",0,J5) * _xlfn.XLOOKUP(B5, Dim_Hotel!$A$2:$A$11, Dim_Hotel!$J$2:$J$11)) -> 135 | O5: H004
A6: =DATE(2026,1,1) + INT((ROW()-2)/10) -> 46023 | B6: {=INDEX(HotelList,MOD(ROW()-2,10)+1)} -> H005 | C6: =_xlfn.XLOOKUP(B6,Dim_Hotel!$A$2:$A$11,Dim_Hotel!$F$2:$F$11) -> 66 | D6: =ROUND(L6 * C6, 0) -> 36 | E6: =D6/C6 -> 0.54545455 | F6: =M6 -> 82 | G6: =E6*F6 -> 44.727273 | H6: =_xlfn.XLOOKUP(A6,Fact_Events!$D$2:$D$20,Fact_Events!$A$2:$A$20, "") | I6: =IF(H6="",0,1) -> 0 | J6: =_xlfn.XLOOKUP(H6, Fact_Events!$A$2:$A$20, Fact_Events!$F$2:$F$20, "") | K6: =IF(I6=0,"Low", IF(J6>=9,"High","Medium")) -> Low | L6: =MIN(1, 0.55 + (I6 * 0.25) + (IF(J6="",0,J6) / 100) ) -> 0.55 | M6: =_xlfn.XLOOKUP(B6, Dim_Hotel!$A$2:$A$11, Dim_Hotel!$I$2:$I$11) + (IF(J6="",0,J6) * _xlfn.XLOOKUP(B6, Dim_Hotel!$A$2:$A$11, Dim_Hotel!$J$2:$J$11)) -> 82 | O6: H005
A7: =DATE(2026,1,1) + INT((ROW()-2)/10) -> 46023 | B7: {=INDEX(HotelList,MOD(ROW()-2,10)+1)} -> H006 | C7: =_xlfn.XLOOKUP(B7,Dim_Hotel!$A$2:$A$11,Dim_Hotel!$F$2:$F$11) -> 311 | D7: =ROUND(L7 * C7, 0) -> 171 | E7: =D7/C7 -> 0.54983923 | F7: =M7 -> 190 | G7: =E7*F7 -> 104.46945 | H7: =_xlfn.XLOOKUP(A7,Fact_Events!$D$2:$D$20,Fact_Events!$A$2:$A$20, "") | I7: =IF(H7="",0,1) -> 0 | J7: =_xlfn.XLOOKUP(H7, Fact_Events!$A$2:$A$20, Fact_Events!$F$2:$F$20, "") | K7: =IF(I7=0,"Low", IF(J7>=9,"High","Medium")) -> Low | L7: =MIN(1, 0.55 + (I7 * 0.25) + (IF(J7="",0,J7) / 100) ) -> 0.55 | M7: =_xlfn.XLOOKUP(B7, Dim_Hotel!$A$2:$A$11, Dim_Hotel!$I$2:$I$11) + (IF(J7="",0,J7) * _xlfn.XLOOKUP(B7, Dim_Hotel!$A$2:$A$11, Dim_Hotel!$J$2:$J$11)) -> 190 | O7: H006
A8: =DATE(2026,1,1) + INT((ROW()-2)/10) -> 46023 | B8: {=INDEX(HotelList,MOD(ROW()-2,10)+1)} -> H007 | C8: =_xlfn.XLOOKUP(B8,Dim_Hotel!$A$2:$A$11,Dim_Hotel!$F$2:$F$11) -> 132 | D8: =ROUND(L8 * C8, 0) -> 73 | E8: =D8/C8 -> 0.5530303 | F8: =M8 -> 165 | G8: =E8*F8 -> 91.25 | H8: =_xlfn.XLOOKUP(A8,Fact_Events!$D$2:$D$20,Fact_Events!$A$2:$A$20, "") | I8: =IF(H8="",0,1) -> 0 | J8: =_xlfn.XLOOKUP(H8, Fact_Events!$A$2:$A$20, Fact_Events!$F$2:$F$20, "") | K8: =IF(I8=0,"Low", IF(J8>=9,"High","Medium")) -> Low | L8: =MIN(1, 0.55 + (I8 * 0.25) + (IF(J8="",0,J8) / 100) ) -> 0.55 | M8: =_xlfn.XLOOKUP(B8, Dim_Hotel!$A$2:$A$11, Dim_Hotel!$I$2:$I$11) + (IF(J8="",0,J8) * _xlfn.XLOOKUP(B8, Dim_Hotel!$A$2:$A$11, Dim_Hotel!$J$2:$J$11)) -> 165 | O8: H007
A9: =DATE(2026,1,1) + INT((ROW()-2)/10) -> 46023 | B9: {=INDEX(HotelList,MOD(ROW()-2,10)+1)} -> H008 | C9: =_xlfn.XLOOKUP(B9,Dim_Hotel!$A$2:$A$11,Dim_Hotel!$F$2:$F$11) -> 103 | D9: =ROUND(L9 * C9, 0) -> 57 | E9: =D9/C9 -> 0.55339806 | F9: =M9 -> 140 | G9: =E9*F9 -> 77.475728 | H9: =_xlfn.XLOOKUP(A9,Fact_Events!$D$2:$D$20,Fact_Events!$A$2:$A$20, "") | I9: =IF(H9="",0,1) -> 0 | J9: =_xlfn.XLOOKUP(H9, Fact_Events!$A$2:$A$20, Fact_Events!$F$2:$F$20, "") | K9: =IF(I9=0,"Low", IF(J9>=9,"High","Medium")) -> Low | L9: =MIN(1, 0.55 + (I9 * 0.25) + (IF(J9="",0,J9) / 100) ) -> 0.55 | M9: =_xlfn.XLOOKUP(B9, Dim_Hotel!$A$2:$A$11, Dim_Hotel!$I$2:$I$11) + (IF(J9="",0,J9) * _xlfn.XLOOKUP(B9, Dim_Hotel!$A$2:$A$11, Dim_Hotel!$J$2:$J$11)) -> 140 | O9: H008
A10: =DATE(2026,1,1) + INT((ROW()-2)/10) -> 46023 | B10: {=INDEX(HotelList,MOD(ROW()-2,10)+1)} -> H009 | C10: =_xlfn.XLOOKUP(B10,Dim_Hotel!$A$2:$A$11,Dim_Hotel!$F$2:$F$11) -> 114 | D10: =ROUND(L10 * C10, 0) -> 63 | E10: =D10/C10 -> 0.55263158 | F10: =M10 -> 185 | G10: =E10*F10 -> 102.23684 | H10: =_xlfn.XLOOKUP(A10,Fact_Events!$D$2:$D$20,Fact_Events!$A$2:$A$20, "") | I10: =IF(H10="",0,1) -> 0 | J10: =_xlfn.XLOOKUP(H10, Fact_Events!$A$2:$A$20, Fact_Events!$F$2:$F$20, "") | K10: =IF(I10=0,"Low", IF(J10>=9,"High","Medium")) -> Low | L10: =MIN(1, 0.55 + (I10 * 0.25) + (IF(J10="",0,J10) / 100) ) -> 0.55 | M10: =_xlfn.XLOOKUP(B10, Dim_Hotel!$A$2:$A$11, Dim_Hotel!$I$2:$I$11) + (IF(J10="",0,J10) * _xlfn.XLOOKUP(B10, Dim_Hotel!$A$2:$A$11, Dim_Hotel!$J$2:$J$11)) -> 185 | O10: H009
A11: =DATE(2026,1,1) + INT((ROW()-2)/10) -> 46023 | B11: {=INDEX(HotelList,MOD(ROW()-2,10)+1)} -> H010 | C11: =_xlfn.XLOOKUP(B11,Dim_Hotel!$A$2:$A$11,Dim_Hotel!$F$2:$F$11) -> 89 | D11: =ROUND(L11 * C11, 0) -> 49 | E11: =D11/C11 -> 0.5505618 | F11: =M11 -> 150 | G11: =E11*F11 -> 82.58427 | H11: =_xlfn.XLOOKUP(A11,Fact_Events!$D$2:$D$20,Fact_Events!$A$2:$A$20, "") | I11: =IF(H11="",0,1) -> 0 | J11: =_xlfn.XLOOKUP(H11, Fact_Events!$A$2:$A$20, Fact_Events!$F$2:$F$20, "") | K11: =IF(I11=0,"Low", IF(J11>=9,"High","Medium")) -> Low | L11: =MIN(1, 0.55 + (I11 * 0.25) + (IF(J11="",0,J11) / 100) ) -> 0.55 | M11: =_xlfn.XLOOKUP(B11, Dim_Hotel!$A$2:$A$11, Dim_Hotel!$I$2:$I$11) + (IF(J11="",0,J11) * _xlfn.XLOOKUP(B11, Dim_Hotel!$A$2:$A$11, Dim_Hotel!$J$2:$J$11)) -> 150 | O11: H010
A12: =DATE(2026,1,1) + INT((ROW()-2)/10) -> 46024 | B12: {=INDEX(HotelList,MOD(ROW()-2,10)+1)} -> H001 | C12: =_xlfn.XLOOKUP(B12,Dim_Hotel!$A$2:$A$11,Dim_Hotel!$F$2:$F$11) -> 888 | D12: =ROUND(L12 * C12, 0) -> 488 | E12: =D12/C12 -> 0.54954955 | F12: =M12 -> 260 | G12: =E12*F12 -> 142.88288 | H12: =_xlfn.XLOOKUP(A12,Fact_Events!$D$2:$D$20,Fact_Events!$A$2:$A$20, "") | I12: =IF(H12="",0,1) -> 0 | J12: =_xlfn.XLOOKUP(H12, Fact_Events!$A$2:$A$20, Fact_Events!$F$2:$F$20, "") | K12: =IF(I12=0,"Low", IF(J12>=9,"High","Medium")) -> Low | L12: =MIN(1, 0.55 + (I12 * 0.25) + (IF(J12="",0,J12) / 100) ) -> 0.55 | M12: =_xlfn.XLOOKUP(B12, Dim_Hotel!$A$2:$A$11, Dim_Hotel!$I$2:$I$11) + (IF(J12="",0,J12) * _xlfn.XLOOKUP(B12, Dim_Hotel!$A$2:$A$11, Dim_Hotel!$J$2:$J$11)) -> 260
A13: =DATE(2026,1,1) + INT((ROW()-2)/10) -> 46024 | B13: {=INDEX(HotelList,MOD(ROW()-2,10)+1)} -> H002 | C13: =_xlfn.XLOOKUP(B13,Dim_Hotel!$A$2:$A$11,Dim_Hotel!$F$2:$F$11) -> 147 | D13: =ROUND(L13 * C13, 0) -> 81 | E13: =D13/C13 -> 0.55102041 | F13: =M13 -> 175 | G13: =E13*F13 -> 96.428571 | H13: =_xlfn.XLOOKUP(A13,Fact_Events!$D$2:$D$20,Fact_Events!$A$2:$A$20, "") | I13: =IF(H13="",0,1) -> 0 | J13: =_xlfn.XLOOKUP(H13, Fact_Events!$A$2:$A$20, Fact_Events!$F$2:$F$20, "") | K13: =IF(I13=0,"Low", IF(J13>=9,"High","Medium")) -> Low | L13: =MIN(1, 0.55 + (I13 * 0.25) + (IF(J13="",0,J13) / 100) ) -> 0.55 | M13: =_xlfn.XLOOKUP(B13, Dim_Hotel!$A$2:$A$11, Dim_Hotel!$I$2:$I$11) + (IF(J13="",0,J13) * _xlfn.XLOOKUP(B13, Dim_Hotel!$A$2:$A$11, Dim_Hotel!$J$2:$J$11)) -> 175
A14: =DATE(2026,1,1) + INT((ROW()-2)/10) -> 46024 | B14: {=INDEX(HotelList,MOD(ROW()-2,10)+1)} -> H003 | C14: =_xlfn.XLOOKUP(B14,Dim_Hotel!$A$2:$A$11,Dim_Hotel!$F$2:$F$11) -> 121 | D14: =ROUND(L14 * C14, 0) -> 67 | E14: =D14/C14 -> 0.55371901 | F14: =M14 -> 145 | G14: =E14*F14 -> 80.289256 | H14: =_xlfn.XLOOKUP(A14,Fact_Events!$D$2:$D$20,Fact_Events!$A$2:$A$20, "") | I14: =IF(H14="",0,1) -> 0 | J14: =_xlfn.XLOOKUP(H14, Fact_Events!$A$2:$A$20, Fact_Events!$F$2:$F$20, "") | K14: =IF(I14=0,"Low", IF(J14>=9,"High","Medium")) -> Low | L14: =MIN(1, 0.55 + (I14 * 0.25) + (IF(J14="",0,J14) / 100) ) -> 0.55 | M14: =_xlfn.XLOOKUP(B14, Dim_Hotel!$A$2:$A$11, Dim_Hotel!$I$2:$I$11) + (IF(J14="",0,J14) * _xlfn.XLOOKUP(B14, Dim_Hotel!$A$2:$A$11, Dim_Hotel!$J$2:$J$11)) -> 145
A15: =DATE(2026,1,1) + INT((ROW()-2)/10) -> 46024 | B15: {=INDEX(HotelList,MOD(ROW()-2,10)+1)} -> H004 | C15: =_xlfn.XLOOKUP(B15,Dim_Hotel!$A$2:$A$11,Dim_Hotel!$F$2:$F$11) -> 108 | D15: =ROUND(L15 * C15, 0) -> 59 | E15: =D15/C15 -> 0.5462963 | F15: =M15 -> 135 | G15: =E15*F15 -> 73.75 | H15: =_xlfn.XLOOKUP(A15,Fact_Events!$D$2:$D$20,Fact_Events!$A$2:$A$20, "") | I15: =IF(H15="",0,1) -> 0 | J15: =_xlfn.XLOOKUP(H15, Fact_Events!$A$2:$A$20, Fact_Events!$F$2:$F$20, "") | K15: =IF(I15=0,"Low", IF(J15>=9,"High","Medium")) -> Low | L15: =MIN(1, 0.55 + (I15 * 0.25) + (IF(J15="",0,J15) / 100) ) -> 0.55 | M15: =_xlfn.XLOOKUP(B15, Dim_Hotel!$A$2:$A$11, Dim_Hotel!$I$2:$I$11) + (IF(J15="",0,J15) * _xlfn.XLOOKUP(B15, Dim_Hotel!$A$2:$A$11, Dim_Hotel!$J$2:$J$11)) -> 135
A16: =DATE(2026,1,1) + INT((ROW()-2)/10) -> 46024 | B16: {=INDEX(HotelList,MOD(ROW()-2,10)+1)} -> H005 | C16: =_xlfn.XLOOKUP(B16,Dim_Hotel!$A$2:$A$11,Dim_Hotel!$F$2:$F$11) -> 66 | D16: =ROUND(L16 * C16, 0) -> 36 | E16: =D16/C16 -> 0.54545455 | F16: =M16 -> 82 | G16: =E16*F16 -> 44.727273 | H16: =_xlfn.XLOOKUP(A16,Fact_Events!$D$2:$D$20,Fact_Events!$A$2:$A$20, "") | I16: =IF(H16="",0,1) -> 0 | J16: =_xlfn.XLOOKUP(H16, Fact_Events!$A$2:$A$20, Fact_Events!$F$2:$F$20, "") | K16: =IF(I16=0,"Low", IF(J16>=9,"High","Medium")) -> Low | L16: =MIN(1, 0.55 + (I16 * 0.25) + (IF(J16="",0,J16) / 100) ) -> 0.55 | M16: =_xlfn.XLOOKUP(B16, Dim_Hotel!$A$2:$A$11, Dim_Hotel!$I$2:$I$11) + (IF(J16="",0,J16) * _xlfn.XLOOKUP(B16, Dim_Hotel!$A$2:$A$11, Dim_Hotel!$J$2:$J$11)) -> 82
A17: =DATE(2026,1,1) + INT((ROW()-2)/10) -> 46024 | B17: {=INDEX(HotelList,MOD(ROW()-2,10)+1)} -> H006 | C17: =_xlfn.XLOOKUP(B17,Dim_Hotel!$A$2:$A$11,Dim_Hotel!$F$2:$F$11) -> 311 | D17: =ROUND(L17 * C17, 0) -> 171 | E17: =D17/C17 -> 0.54983923 | F17: =M17 -> 190 | G17: =E17*F17 -> 104.46945 | H17: =_xlfn.XLOOKUP(A17,Fact_Events!$D$2:$D$20,Fact_Events!$A$2:$A$20, "") | I17: =IF(H17="",0,1) -> 0 | J17: =_xlfn.XLOOKUP(H17, Fact_Events!$A$2:$A$20, Fact_Events!$F$2:$F$20, "") | K17: =IF(I17=0,"Low", IF(J17>=9,"High","Medium")) -> Low | L17: =MIN(1, 0.55 + (I17 * 0.25) + (IF(J17="",0,J17) / 100) ) -> 0.55 | M17: =_xlfn.XLOOKUP(B17, Dim_Hotel!$A$2:$A$11, Dim_Hotel!$I$2:$I$11) + (IF(J17="",0,J17) * _xlfn.XLOOKUP(B17, Dim_Hotel!$A$2:$A$11, Dim_Hotel!$J$2:$J$11)) -> 190
A18: =DATE(2026,1,1) + INT((ROW()-2)/10) -> 46024 | B18: {=INDEX(HotelList,MOD(ROW()-2,10)+1)} -> H007 | C18: =_xlfn.XLOOKUP(B18,Dim_Hotel!$A$2:$A$11,Dim_Hotel!$F$2:$F$11) -> 132 | D18: =ROUND(L18 * C18, 0) -> 73 | E18: =D18/C18 -> 0.5530303 | F18: =M18 -> 165 | G18: =E18*F18 -> 91.25 | H18: =_xlfn.XLOOKUP(A18,Fact_Events!$D$2:$D$20,Fact_Events!$A$2:$A$20, "") | I18: =IF(H18="",0,1) -> 0 | J18: =_xlfn.XLOOKUP(H18, Fact_Events!$A$2:$A$20, Fact_Events!$F$2:$F$20, "") | K18: =IF(I18=0,"Low", IF(J18>=9,"High","Medium")) -> Low | L18: =MIN(1, 0.55 + (I18 * 0.25) + (IF(J18="",0,J18) / 100) ) -> 0.55 | M18: =_xlfn.XLOOKUP(B18, Dim_Hotel!$A$2:$A$11, Dim_Hotel!$I$2:$I$11) + (IF(J18="",0,J18) * _xlfn.XLOOKUP(B18, Dim_Hotel!$A$2:$A$11, Dim_Hotel!$J$2:$J$11)) -> 165
A19: =DATE(2026,1,1) + INT((ROW()-2)/10) -> 46024 | B19: {=INDEX(HotelList,MOD(ROW()-2,10)+1)} -> H008 | C19: =_xlfn.XLOOKUP(B19,Dim_Hotel!$A$2:$A$11,Dim_Hotel!$F$2:$F$11) -> 103 | D19: =ROUND(L19 * C19, 0) -> 57 | E19: =D19/C19 -> 0.55339806 | F19: =M19 -> 140 | G19: =E19*F19 -> 77.475728 | H19: =_xlfn.XLOOKUP(A19,Fact_Events!$D$2:$D$20,Fact_Events!$A$2:$A$20, "") | I19: =IF(H19="",0,1) -> 0 | J19: =_xlfn.XLOOKUP(H19, Fact_Events!$A$2:$A$20, Fact_Events!$F$2:$F$20, "") | K19: =IF(I19=0,"Low", IF(J19>=9,"High","Medium")) -> Low | L19: =MIN(1, 0.55 + (I19 * 0.25) + (IF(J19="",0,J19) / 100) ) -> 0.55 | M19: =_xlfn.XLOOKUP(B19, Dim_Hotel!$A$2:$A$11, Dim_Hotel!$I$2:$I$11) + (IF(J19="",0,J19) * _xlfn.XLOOKUP(B19, Dim_Hotel!$A$2:$A$11, Dim_Hotel!$J$2:$J$11)) -> 140
A20: =DATE(2026,1,1) + INT((ROW()-2)/10) -> 46024 | B20: {=INDEX(HotelList,MOD(ROW()-2,10)+1)} -> H009 | C20: =_xlfn.XLOOKUP(B20,Dim_Hotel!$A$2:$A$11,Dim_Hotel!$F$2:$F$11) -> 114 | D20: =ROUND(L20 * C20, 0) -> 63 | E20: =D20/C20 -> 0.55263158 | F20: =M20 -> 185 | G20: =E20*F20 -> 102.23684 | H20: =_xlfn.XLOOKUP(A20,Fact_Events!$D$2:$D$20,Fact_Events!$A$2:$A$20, "") | I20: =IF(H20="",0,1) -> 0 | J20: =_xlfn.XLOOKUP(H20, Fact_Events!$A$2:$A$20, Fact_Events!$F$2:$F$20, "") | K20: =IF(I20=0,"Low", IF(J20>=9,"High","Medium")) -> Low | L20: =MIN(1, 0.55 + (I20 * 0.25) + (IF(J20="",0,J20) / 100) ) -> 0.55 | M20: =_xlfn.XLOOKUP(B20, Dim_Hotel!$A$2:$A$11, Dim_Hotel!$I$2:$I$11) + (IF(J20="",0,J20) * _xlfn.XLOOKUP(B20, Dim_Hotel!$A$2:$A$11, Dim_Hotel!$J$2:$J$11)) -> 185
A21: =DATE(2026,1,1) + INT((ROW()-2)/10) -> 46024 | B21: {=INDEX(HotelList,MOD(ROW()-2,10)+1)} -> H010 | C21: =_xlfn.XLOOKUP(B21,Dim_Hotel!$A$2:$A$11,Dim_Hotel!$F$2:$F$11) -> 89 | D21: =ROUND(L21 * C21, 0) -> 49 | E21: =D21/C21 -> 0.5505618 | F21: =M21 -> 150 | G21: =E21*F21 -> 82.58427 | H21: =_xlfn.XLOOKUP(A21,Fact_Events!$D$2:$D$20,Fact_Events!$A$2:$A$20, "") | I21: =IF(H21="",0,1) -> 0 | J21: =_xlfn.XLOOKUP(H21, Fact_Events!$A$2:$A$20, Fact_Events!$F$2:$F$20, "") | K21: =IF(I21=0,"Low", IF(J21>=9,"High","Medium")) -> Low | L21: =MIN(1, 0.55 + (I21 * 0.25) + (IF(J21="",0,J21) / 100) ) -> 0.55 | M21: =_xlfn.XLOOKUP(B21, Dim_Hotel!$A$2:$A$11, Dim_Hotel!$I$2:$I$11) + (IF(J21="",0,J21) * _xlfn.XLOOKUP(B21, Dim_Hotel!$A$2:$A$11, Dim_Hotel!$J$2:$J$11)) -> 150
A22: =DATE(2026,1,1) + INT((ROW()-2)/10) -> 46025 | B22: {=INDEX(HotelList,MOD(ROW()-2,10)+1)} -> H001 | C22: =_xlfn.XLOOKUP(B22,Dim_Hotel!$A$2:$A$11,Dim_Hotel!$F$2:$F$11) -> 888 | D22: =ROUND(L22 * C22, 0) -> 488 | E22: =D22/C22 -> 0.54954955 | F22: =M22 -> 260 | G22: =E22*F22 -> 142.88288 | H22: =_xlfn.XLOOKUP(A22,Fact_Events!$D$2:$D$20,Fact_Events!$A$2:$A$20, "") | I22: =IF(H22="",0,1) -> 0 | J22: =_xlfn.XLOOKUP(H22, Fact_Events!$A$2:$A$20, Fact_Events!$F$2:$F$20, "") | K22: =IF(I22=0,"Low", IF(J22>=9,"High","Medium")) -> Low | L22: =MIN(1, 0.55 + (I22 * 0.25) + (IF(J22="",0,J22) / 100) ) -> 0.55 | M22: =_xlfn.XLOOKUP(B22, Dim_Hotel!$A$2:$A$11, Dim_Hotel!$I$2:$I$11) + (IF(J22="",0,J22) * _xlfn.XLOOKUP(B22, Dim_Hotel!$A$2:$A$11, Dim_Hotel!$J$2:$J$11)) -> 260
A23: =DATE(2026,1,1) + INT((ROW()-2)/10) -> 46025 | B23: {=INDEX(HotelList,MOD(ROW()-2,10)+1)} -> H002 | C23: =_xlfn.XLOOKUP(B23,Dim_Hotel!$A$2:$A$11,Dim_Hotel!$F$2:$F$11) -> 147 | D23: =ROUND(L23 * C23, 0) -> 81 | E23: =D23/C23 -> 0.55102041 | F23: =M23 -> 175 | G23: =E23*F23 -> 96.428571 | H23: =_xlfn.XLOOKUP(A23,Fact_Events!$D$2:$D$20,Fact_Events!$A$2:$A$20, "") | I23: =IF(H23="",0,1) -> 0 | J23: =_xlfn.XLOOKUP(H23, Fact_Events!$A$2:$A$20, Fact_Events!$F$2:$F$20, "") | K23: =IF(I23=0,"Low", IF(J23>=9,"High","Medium")) -> Low | L23: =MIN(1, 0.55 + (I23 * 0.25) + (IF(J23="",0,J23) / 100) ) -> 0.55 | M23: =_xlfn.XLOOKUP(B23, Dim_Hotel!$A$2:$A$11, Dim_Hotel!$I$2:$I$11) + (IF(J23="",0,J23) * _xlfn.XLOOKUP(B23, Dim_Hotel!$A$2:$A$11, Dim_Hotel!$J$2:$J$11)) -> 175
... A3651: =DATE(2026,1,1) + INT((ROW()-2)/10) -> 46387 | B3651: {=INDEX(HotelList,MOD(ROW()-2,10)+1)} -> H010 | C3651: =_xlfn.XLOOKUP(B3651,Dim_Hotel!$A$2:$A$11,Dim_Hotel!$F$2:$F$11) -> 89 | D3651: =ROUND(L3651 * C3651, 0) -> 49 | E3651: =D3651/C3651 -> 0.5505618 | F3651: =M3651 -> 150 | G3651: =E3651*F3651 -> 82.58427 | H3651: =_xlfn.XLOOKUP(A3651,Fact_Events!$D$2:$D$20,Fact_Events!$A$2:$A$20, "") | I3651: =IF(H3651="",0,1) -> 0 | J3651: =_xlfn.XLOOKUP(H3651, Fact_Events!$A$2:$A$20, Fact_Events!$F$2:$F$20, "") | K3651: =IF(I3651=0,"Low", IF(J3651>=9,"High","Medium")) -> Low | L3651: =MIN(1, 0.55 + (I3651 * 0.25) + (IF(J3651="",0,J3651) / 100) ) -> 0.55 | M3651: =_xlfn.XLOOKUP(B3651, Dim_Hotel!$A$2:$A$11, Dim_Hotel!$I$2:$I$11) + (IF(J3651="",0,J3651) * _xlfn.XLOOKUP(B3651, Dim_Hotel!$A$2:$A$11, Dim_Hotel!$J$2:$J$11)) -> 150
